"","TP.scXY","FP.scXY","F1.scXY","TP.t","FP.t","F1.t","TP.limma","FP.limma","F1.limma"
"1",0.457656913827655,0.00185047523761881,0.624476785974589,0.000601202404809619,0,0.004,0,0,NA
"2",0.587380761523046,0.00320087543771886,0.734025372728787,0.000801603206412826,0,0.00532801064537591,0,0,NA
"3",0.644239278557114,0.00455130065032516,0.77489823121433,0.00561082164328657,0,0.0220384105383039,0,0,NA
"4",0.707308216432866,0.00675182591295648,0.815575047958414,0.0362392785571142,0.000150025012506253,0.0694039987258183,0.00120160320641283,0,0.0119363500273261
"5",0.747948296593186,0.0103528014007003,0.835899667663777,0.105505811623246,0.000800275137568784,0.189467181944672,0.00200200400801603,0,0.0132459422515896
"6",0.794597995991984,0.0167045022511256,0.85370234951178,0.268275751503006,0.00345107553776888,0.417086830407173,0.00560480961923848,0,0.0158244043963915
