"","TP.scXY","FP.scXY","F1.scXY","TP.t","FP.t","F1.t","TP.limma","FP.limma","F1.limma"
"1",0.792185571142285,0.00240067533766883,0.879166982406165,0.0106068136272545,0,0.0231356488779777,0.0860793587174349,0,0.157830601872488
"2",0.828422044088176,0.00405112556278139,0.898090594031517,0.100107815631263,0.00005,0.18134345157235,0.52752625250501,0,0.690380426576742
"3",0.842036472945892,0.00515145072536268,0.904016627560587,0.199599599198397,0.000200050025012506,0.332368292462645,0.660458917835671,0,0.795439919491
"4",0.866063326653307,0.00740205102551276,0.91364827626632,0.402405611222445,0.00115040020010005,0.57140353103146,0.775781162324649,0,0.873681570539831
"5",0.887885771543086,0.0116531515757879,0.917842655413221,0.563567935871743,0.00340107553776888,0.714216680413024,0.835638076152305,0.000450200100050025,0.909518489262033
"6",0.907705811623246,0.0186048774387194,0.915816546101109,0.704501803607214,0.0083024012006003,0.810512898183008,0.879483366733467,0.00100032516258129,0.933748271979023
