,TP.scXY,FP.scXY,F1.scXY,TP.t,FP.t,F1.t,TP.limma,FP.limma,F1.limma
1,0,0.000300075,NA,0,0,NA,0,0.1433354,NA
2,0,0.000500075,NA,0,0,NA,0,0.155088402,NA
3,0,0.000600175,NA,0,0,NA,0,0.160489678,NA
4,0,0.000650175,NA,0,5.00501E-05,NA,0,0.166691279,NA
5,0,0.000950325,NA,0,5.00501E-05,NA,0,0.172643005,NA
6,0,0.00120035,NA,0,5.00501E-05,NA,0,0.178244531,NA
