"","TP.scXY","FP.scXY","F1.scXY","TP.t","FP.t","F1.t","TP.limma","FP.limma","F1.limma"
"1",0,0.000850250125062531,NA,0,0,NA,0,0.0689175087543772,NA
"2",0,0.0012503751875938,NA,0,0,NA,0,0.0974241870935468,NA
"3",0,0.00145047523761881,NA,0,0,NA,0,0.109176963481741,NA
"4",0,0.00195052526263132,NA,0,0,NA,0,0.123480315157579,NA
"5",0,0.00250070035017509,NA,0,0,NA,0,0.136233541770885,NA
"6",0,0.00355097548774387,NA,0,0,NA,0,0.147136468234117,NA
